SITENAME,DATE,YEAR,MONTH,TN_uM_L,TN_moles_L,TN_g_L,TN_ug_L,TP_uM_L,TP_moles_L,TP_g_L,TP_ug_L,NP
TSph7,8/2/17,2017,August,71.58,0.00,0.00,1002.57,0.43,0.00,0.00,13.32,75.27
TSph3,8/4/17,2017,August,59.29,0.00,0.00,830.50,0.77,0.00,0.00,23.85,34.82
TSph7,8/5/17,2017,August,74.25,0.00,0.00,1040.03,0.70,0.00,0.00,21.68,47.97
TSph10,8/7/17,2017,August,53.63,0.00,0.00,751.13,0.23,0.00,0.00,7.22,104.08
TSph11,8/7/17,2017,August,23.25,0.00,0.00,325.59,0.30,0.00,0.00,9.39,34.69
TSph9,8/7/17,2017,August,45.40,0.00,0.00,635.85,0.23,0.00,0.00,6.97,91.24
TSph3,8/8/17,2017,August,66.23,0.00,0.00,927.70,0.53,0.00,0.00,16.42,56.51
TSph7,8/8/17,2017,August,66.03,0.00,0.00,924.91,0.40,0.00,0.00,12.39,74.65
TSph7,8/11/17,2017,August,68.84,0.00,0.00,964.30,0.41,0.00,0.00,12.70,75.93
TSph3,8/14/17,2017,August,59.52,0.00,0.00,833.70,0.89,0.00,0.00,27.57,30.24
TSph7,8/14/17,2017,August,72.16,0.00,0.00,1010.76,0.71,0.00,0.00,21.99,45.96
TSph7,8/17/17,2017,August,71.51,0.00,0.00,1001.57,0.44,0.00,0.00,13.63,73.49
TSph3,8/20/17,2017,August,63.11,0.00,0.00,883.97,0.95,0.00,0.00,29.43,30.04
TSph7,8/20/17,2017,August,73.97,0.00,0.00,1036.04,0.51,0.00,0.00,15.80,65.59
TSph7,8/23/17,2017,August,67.02,0.00,0.00,938.79,0.64,0.00,0.00,19.82,47.36
TSph3,8/26/17,2017,August,57.72,0.00,0.00,808.43,0.81,0.00,0.00,25.09,32.22
TSph7,8/26/17,2017,August,64.57,0.00,0.00,904.42,0.58,0.00,0.00,17.96,50.34
TSph7,8/28/17,2017,August,66.49,0.00,0.00,931.33,0.75,0.00,0.00,23.23,40.09
TSph3,9/1/17,2017,September,54.52,0.00,0.00,763.61,0.75,0.00,0.00,23.23,32.87
TSph3,9/7/17,2017,September,53.53,0.00,0.00,749.85,0.74,0.00,0.00,22.92,32.71
TSph3,9/13/17,2017,September,41.17,0.00,0.00,576.65,0.61,0.00,0.00,18.89,30.52
TSph3,9/19/17,2017,September,32.42,0.00,0.00,454.06,0.70,0.00,0.00,21.68,20.94
TSph10,9/25/17,2017,September,50.27,0.00,0.00,704.12,0.41,0.00,0.00,12.67,55.58
TSph11,9/25/17,2017,September,20.07,0.00,0.00,281.13,0.48,0.00,0.00,14.96,18.79
TSph3,9/25/17,2017,September,45.10,0.00,0.00,631.65,0.47,0.00,0.00,14.56,43.39
TSph9,9/25/17,2017,September,64.38,0.00,0.00,901.77,0.78,0.00,0.00,24.07,37.47
TSph3,10/1/17,2017,October,48.38,0.00,0.00,677.62,0.46,0.00,0.00,14.25,47.56
TSph7,10/5/17,2017,October,43.63,0.00,0.00,611.07,0.44,0.00,0.00,13.63,44.84
TSph3,10/7/17,2017,October,48.07,0.00,0.00,673.29,0.41,0.00,0.00,12.70,53.02
TSph7,10/8/17,2017,October,54.65,0.00,0.00,765.48,0.39,0.00,0.00,12.08,63.37
TSph7,10/11/17,2017,October,44.93,0.00,0.00,629.33,0.44,0.00,0.00,13.63,46.18
TSph3,10/12/17,2017,October,40.73,0.00,0.00,570.53,0.48,0.00,0.00,14.87,38.37
TSph7,10/14/17,2017,October,44.54,0.00,0.00,623.84,0.39,0.00,0.00,12.08,51.64
TSph7,10/17/17,2017,October,50.40,0.00,0.00,705.98,0.30,0.00,0.00,9.29,75.98
TSph3,10/18/17,2017,October,58.32,0.00,0.00,816.83,0.73,0.00,0.00,22.61,36.13
TSph7,10/20/17,2017,October,51.52,0.00,0.00,721.68,0.40,0.00,0.00,12.39,58.25
TSph7,10/23/17,2017,October,54.21,0.00,0.00,759.25,0.43,0.00,0.00,13.32,57.01
TSph3,10/24/17,2017,October,55.59,0.00,0.00,778.62,0.31,0.00,0.00,9.60,81.09
TSph7,10/25/17,2017,October,50.90,0.00,0.00,712.96,0.40,0.00,0.00,12.39,57.54
TSph10,10/26/17,2017,October,50.10,0.00,0.00,701.81,0.43,0.00,0.00,13.44,52.21
TSph11,10/26/17,2017,October,57.88,0.00,0.00,810.78,1.06,0.00,0.00,32.96,24.60
TSph9,10/26/17,2017,October,66.00,0.00,0.00,924.49,0.58,0.00,0.00,17.81,51.91
TSph7,10/29/17,2017,October,44.82,0.00,0.00,627.72,0.30,0.00,0.00,9.29,67.55
TSph3,10/30/17,2017,October,49.15,0.00,0.00,688.49,0.28,0.00,0.00,8.67,79.39
TSph7,11/1/17,2017,November,45.63,0.00,0.00,639.11,0.32,0.00,0.00,9.91,64.48
TSph7,11/4/17,2017,November,46.02,0.00,0.00,644.53,0.31,0.00,0.00,9.60,67.13
TSph3,11/5/17,2017,November,47.07,0.00,0.00,659.32,0.30,0.00,0.00,9.29,70.95
TSph7,11/7/17,2017,November,54.84,0.00,0.00,768.19,0.79,0.00,0.00,24.47,31.39
TSph7,11/10/17,2017,November,48.42,0.00,0.00,678.23,0.34,0.00,0.00,10.53,64.40
TSph3,11/11/17,2017,November,49.95,0.00,0.00,699.64,0.36,0.00,0.00,11.15,62.74
TSph7,11/13/17,2017,November,56.14,0.00,0.00,786.38,0.35,0.00,0.00,10.84,72.54
TSph7,11/16/17,2017,November,38.30,0.00,0.00,536.50,0.38,0.00,0.00,11.77,45.58
TSph3,11/17/17,2017,November,51.30,0.00,0.00,718.49,0.34,0.00,0.00,10.53,68.23
TSph7,11/19/17,2017,November,49.47,0.00,0.00,692.88,0.35,0.00,0.00,10.84,63.91
TSph7,11/22/17,2017,November,46.56,0.00,0.00,652.17,0.38,0.00,0.00,11.77,55.41
TSph3,11/23/17,2017,November,54.30,0.00,0.00,760.55,0.25,0.00,0.00,7.74,98.22
TSph7,11/25/17,2017,November,47.53,0.00,0.00,665.77,0.41,0.00,0.00,12.70,52.43
TSph7,11/28/17,2017,November,42.80,0.00,0.00,599.43,0.40,0.00,0.00,12.39,48.38
TSph3,11/29/17,2017,November,52.91,0.00,0.00,741.05,0.25,0.00,0.00,7.74,95.70
TSph10,11/30/17,2017,November,41.93,0.00,0.00,587.36,0.36,0.00,0.00,11.00,53.42
TSph11,11/30/17,2017,November,20.84,0.00,0.00,291.86,0.51,0.00,0.00,15.77,18.51
TSph7,11/30/17,2017,November,48.23,0.00,0.00,675.60,0.45,0.00,0.00,13.94,48.47
TSph9,11/30/17,2017,November,51.35,0.00,0.00,719.30,0.42,0.00,0.00,12.98,55.42
TSph7,12/3/17,2017,December,50.22,0.00,0.00,703.40,0.22,0.00,0.00,6.81,103.22
TSph3,12/5/17,2017,December,55.04,0.00,0.00,770.95,0.26,0.00,0.00,8.05,95.73
TSph7,12/6/17,2017,December,51.01,0.00,0.00,714.46,0.26,0.00,0.00,8.05,88.72
TSph7,12/9/17,2017,December,55.42,0.00,0.00,776.30,0.33,0.00,0.00,10.22,75.95
TSph3,12/11/17,2017,December,69.06,0.00,0.00,967.37,0.28,0.00,0.00,8.67,111.54
TSph7,12/12/17,2017,December,45.99,0.00,0.00,644.14,0.30,0.00,0.00,9.29,69.32
TSph10,12/14/17,2017,December,86.17,0.00,0.00,1206.91,0.57,0.00,0.00,17.50,68.97
TSph11,12/14/17,2017,December,44.09,0.00,0.00,617.62,0.50,0.00,0.00,15.55,39.72
TSph9,12/14/17,2017,December,84.07,0.00,0.00,1177.62,0.53,0.00,0.00,16.42,71.74
TSph7,12/15/17,2017,December,53.12,0.00,0.00,744.00,0.33,0.00,0.00,10.22,72.79
TSph3,12/16/17,2017,December,55.72,0.00,0.00,780.41,0.43,0.00,0.00,13.32,58.59
TSph7,12/18/17,2017,December,45.31,0.00,0.00,634.60,0.30,0.00,0.00,9.29,68.29
TSph7,12/21/17,2017,December,47.19,0.00,0.00,661.05,0.33,0.00,0.00,10.22,64.67
TSph3,12/22/17,2017,December,53.39,0.00,0.00,747.82,0.26,0.00,0.00,8.05,92.86
TSph7,12/24/17,2017,December,50.10,0.00,0.00,701.72,0.28,0.00,0.00,8.67,80.91
TSph7,12/27/17,2017,December,51.01,0.00,0.00,714.48,0.29,0.00,0.00,8.98,79.54
TSph3,12/28/17,2017,December,58.32,0.00,0.00,816.82,0.30,0.00,0.00,9.29,87.90
TSph7,12/30/17,2017,December,51.21,0.00,0.00,717.27,0.27,0.00,0.00,8.36,85.77
TSph7,1/2/18,2018,January,53.53,0.00,0.00,749.81,0.26,0.00,0.00,8.05,93.11
TSph3,1/3/18,2018,January,72.68,0.00,0.00,1018.07,0.31,0.00,0.00,9.60,106.03
TSph7,1/5/18,2018,January,52.74,0.00,0.00,738.76,0.30,0.00,0.00,9.29,79.50
TSph7,1/8/18,2018,January,0.01,0.00,0.00,0.14,0.01,0.00,0.00,0.31,0.45
TSph3,1/9/18,2018,January,83.52,0.00,0.00,1169.88,0.28,0.00,0.00,8.67,134.89
TSph7,1/11/18,2018,January,62.19,0.00,0.00,871.15,0.41,0.00,0.00,12.70,68.60
TSph3,1/14/18,2018,January,82.86,0.00,0.00,1160.55,0.38,0.00,0.00,11.77,98.60
TSph7,1/14/18,2018,January,57.08,0.00,0.00,799.58,0.37,0.00,0.00,11.46,69.77
TSph7,1/17/18,2018,January,56.76,0.00,0.00,795.02,0.42,0.00,0.00,13.01,61.11
TSph3,1/20/18,2018,January,79.45,0.00,0.00,1112.90,0.24,0.00,0.00,7.43,149.71
TSph7,1/20/18,2018,January,58.24,0.00,0.00,815.81,0.34,0.00,0.00,10.53,77.47
TSph7,1/23/18,2018,January,56.44,0.00,0.00,790.61,0.40,0.00,0.00,12.39,63.81
TSph10,1/25/18,2018,January,50.46,0.00,0.00,706.77,0.45,0.00,0.00,14.03,50.37
TSph11,1/25/18,2018,January,22.76,0.00,0.00,318.74,0.43,0.00,0.00,13.32,23.93
TSph9,1/25/18,2018,January,45.97,0.00,0.00,643.93,0.50,0.00,0.00,15.55,41.41
TSph3,1/26/18,2018,January,85.60,0.00,0.00,1199.04,0.26,0.00,0.00,8.05,148.89
TSph7,1/26/18,2018,January,56.94,0.00,0.00,797.49,0.41,0.00,0.00,12.70,62.80
TSph7,1/29/18,2018,January,55.59,0.00,0.00,778.64,0.48,0.00,0.00,14.87,52.37
TSph3,2/1/18,2018,February,86.49,0.00,0.00,1211.48,0.27,0.00,0.00,8.36,144.86
TSph7,2/1/18,2018,February,61.61,0.00,0.00,862.96,0.49,0.00,0.00,15.18,56.86
TSph7,2/4/18,2018,February,61.12,0.00,0.00,856.07,0.38,0.00,0.00,11.77,72.73
TSph3,2/7/18,2018,February,107.87,0.00,0.00,1510.89,0.70,0.00,0.00,21.68,69.68
TSph7,2/7/18,2018,February,55.31,0.00,0.00,774.73,0.26,0.00,0.00,8.05,96.20
TSph7,2/10/18,2018,February,60.81,0.00,0.00,851.78,0.35,0.00,0.00,10.84,78.57
TSph3,2/12/18,2018,February,110.23,0.00,0.00,1543.96,0.34,0.00,0.00,10.53,146.61
TSph7,2/13/18,2018,February,59.87,0.00,0.00,838.64,0.26,0.00,0.00,8.05,104.14
TSph7,2/16/18,2018,February,63.23,0.00,0.00,885.63,0.40,0.00,0.00,12.39,71.48
TSph3,2/19/18,2018,February,103.97,0.00,0.00,1456.24,0.28,0.00,0.00,8.67,167.91
TSph7,2/19/18,2018,February,60.26,0.00,0.00,844.08,0.33,0.00,0.00,10.22,82.58
TSph7,2/22/18,2018,February,73.48,0.00,0.00,1029.21,0.56,0.00,0.00,17.35,59.34
TSph3,2/25/18,2018,February,115.67,0.00,0.00,1620.18,0.41,0.00,0.00,12.70,127.58
TSph7,2/25/18,2018,February,64.15,0.00,0.00,898.61,0.43,0.00,0.00,13.32,67.47
TSph10,2/27/18,2018,February,36.19,0.00,0.00,506.93,0.29,0.00,0.00,8.92,56.83
TSph11,2/27/18,2018,February,35.08,0.00,0.00,491.32,0.36,0.00,0.00,11.18,43.94
TSph7,2/27/18,2018,February,63.50,0.00,0.00,889.37,0.51,0.00,0.00,15.80,56.30
TSph9,2/27/18,2018,February,47.56,0.00,0.00,666.16,0.33,0.00,0.00,10.13,65.77
TSph7,3/2/18,2018,March,66.52,0.00,0.00,931.76,0.33,0.00,0.00,10.22,91.16
TSph3,3/3/18,2018,March,100.34,0.00,0.00,1405.39,0.36,0.00,0.00,11.15,126.04
TSph7,3/5/18,2018,March,70.95,0.00,0.00,993.78,0.48,0.00,0.00,14.87,66.84
TSph7,3/8/18,2018,March,65.67,0.00,0.00,919.78,0.36,0.00,0.00,11.15,82.49
TSph3,3/9/18,2018,March,89.43,0.00,0.00,1252.60,0.33,0.00,0.00,10.22,122.55
TSph7,3/11/18,2018,March,64.38,0.00,0.00,901.70,0.39,0.00,0.00,12.08,74.64
TSph7,3/14/18,2018,March,71.08,0.00,0.00,995.59,0.67,0.00,0.00,20.75,47.97
TSph3,3/15/18,2018,March,87.46,0.00,0.00,1225.02,0.36,0.00,0.00,11.15,109.86
TSph7,3/17/18,2018,March,65.59,0.00,0.00,918.65,0.41,0.00,0.00,12.70,72.34
TSph3,3/20/18,2018,March,86.36,0.00,0.00,1209.63,0.37,0.00,0.00,11.46,105.55
TSph7,3/20/18,2018,March,65.74,0.00,0.00,920.75,0.39,0.00,0.00,12.08,76.22
TSph7,3/23/18,2018,March,67.31,0.00,0.00,942.87,0.63,0.00,0.00,19.51,48.32
TSph10,3/26/18,2018,March,63.01,0.00,0.00,882.51,0.63,0.00,0.00,19.51,45.23
TSph11,3/26/18,2018,March,28.39,0.00,0.00,397.63,0.45,0.00,0.00,13.85,28.72
TSph3,3/26/18,2018,March,85.37,0.00,0.00,1195.78,0.37,0.00,0.00,11.46,104.34
TSph7,3/26/18,2018,March,69.42,0.00,0.00,972.38,0.50,0.00,0.00,15.49,62.79
TSph9,3/26/18,2018,March,53.69,0.00,0.00,752.04,0.36,0.00,0.00,11.15,67.44
TSph7,3/29/18,2018,March,73.08,0.00,0.00,1023.60,0.59,0.00,0.00,18.27,56.01
TSph3,4/1/18,2018,April,85.48,0.00,0.00,1197.25,0.31,0.00,0.00,9.60,124.69
TSph3,4/7/18,2018,April,99.19,0.00,0.00,1389.30,0.36,0.00,0.00,11.15,124.59
TSph3,4/13/18,2018,April,110.00,0.00,0.00,1540.76,0.36,0.00,0.00,11.15,138.18
TSph3,4/19/18,2018,April,126.67,0.00,0.00,1774.31,0.36,0.00,0.00,11.15,159.12
TSph3,4/24/18,2018,April,163.57,0.00,0.00,2291.18,0.64,0.00,0.00,19.82,115.58
TSph10,4/26/18,2018,April,63.94,0.00,0.00,895.54,0.49,0.00,0.00,15.21,58.89
TSph11,4/26/18,2018,April,18.97,0.00,0.00,265.71,0.36,0.00,0.00,11.18,23.76
TSph9,4/26/18,2018,April,45.98,0.00,0.00,644.08,0.28,0.00,0.00,8.73,73.74
TSph7,4/29/18,2018,April,59.59,0.00,0.00,834.69,1.00,0.00,0.00,30.97,26.95
TSph3,5/1/18,2018,May,219.82,0.00,0.00,3079.00,0.74,0.00,0.00,22.92,134.33
TSph7,5/2/18,2018,May,57.23,0.00,0.00,801.63,0.49,0.00,0.00,15.18,52.82
TSph7,5/5/18,2018,May,68.71,0.00,0.00,962.41,0.87,0.00,0.00,26.95,35.71
TSph3,5/7/18,2018,May,225.46,0.00,0.00,3158.00,0.66,0.00,0.00,20.44,154.48
TSph7,5/8/18,2018,May,66.62,0.00,0.00,933.19,0.50,0.00,0.00,15.49,60.26
TSph7,5/11/18,2018,May,64.97,0.00,0.00,910.02,0.43,0.00,0.00,13.32,68.33
TSph7,5/14/18,2018,May,64.55,0.00,0.00,904.12,0.50,0.00,0.00,15.49,58.38
TSph7,5/17/18,2018,May,53.75,0.00,0.00,752.86,0.38,0.00,0.00,11.77,63.96
TSph7,5/20/18,2018,May,53.00,0.00,0.00,742.39,0.44,0.00,0.00,13.63,54.47
TSph3,5/21/18,2018,May,172.18,0.00,0.00,2411.68,1.13,0.00,0.00,35.00,68.90
TSph7,5/23/18,2018,May,56.34,0.00,0.00,789.10,0.50,0.00,0.00,15.49,50.95
TSph7,5/26/18,2018,May,52.36,0.00,0.00,733.39,0.54,0.00,0.00,16.73,43.85
TSph3,5/28/18,2018,May,135.78,0.00,0.00,1901.81,0.42,0.00,0.00,13.01,146.19
TSph7,5/29/18,2018,May,47.59,0.00,0.00,666.54,0.72,0.00,0.00,22.30,29.89
TSph10,5/30/18,2018,May,49.45,0.00,0.00,692.63,0.33,0.00,0.00,10.13,68.38
TSph11,5/30/18,2018,May,25.30,0.00,0.00,354.43,0.43,0.00,0.00,13.44,26.37
TSph9,5/30/18,2018,May,54.30,0.00,0.00,760.54,0.48,0.00,0.00,14.93,50.94
TSph7,5/31/18,2018,May,53.58,0.00,0.00,750.51,1.29,0.00,0.00,39.96,18.78
TSph3,6/3/18,2018,June,104.03,0.00,0.00,1457.08,0.37,0.00,0.00,11.46,127.14
TSph7,6/3/18,2018,June,99.88,0.00,0.00,1398.96,1.66,0.00,0.00,51.42,27.21
TSph7,6/6/18,2018,June,90.06,0.00,0.00,1261.46,0.67,0.00,0.00,20.75,60.79
TSph3,6/9/18,2018,June,105.56,0.00,0.00,1478.52,0.54,0.00,0.00,16.73,88.40
TSph7,6/9/18,2018,June,78.87,0.00,0.00,1104.73,0.48,0.00,0.00,14.87,74.31
TSph7,6/12/18,2018,June,80.36,0.00,0.00,1125.63,0.52,0.00,0.00,16.11,69.89
TSph7,6/15/18,2018,June,79.02,0.00,0.00,1106.89,0.59,0.00,0.00,18.27,60.57
TSph7,6/18/18,2018,June,88.40,0.00,0.00,1238.22,0.51,0.00,0.00,15.80,78.38
TSph10,6/19/18,2018,June,64.33,0.00,0.00,901.08,0.41,0.00,0.00,12.54,71.83
TSph11,6/19/18,2018,June,16.92,0.00,0.00,236.97,0.41,0.00,0.00,12.67,18.71
TSph9,6/19/18,2018,June,53.17,0.00,0.00,744.81,0.36,0.00,0.00,11.27,66.06
TSph3,6/21/18,2018,June,82.86,0.00,0.00,1160.55,0.42,0.00,0.00,13.01,89.21
TSph7,6/21/18,2018,June,81.73,0.00,0.00,1144.85,0.64,0.00,0.00,19.82,57.75
TSph7,6/24/18,2018,June,79.32,0.00,0.00,1111.09,0.50,0.00,0.00,15.49,71.74
TSph7,6/26/18,2018,June,95.19,0.00,0.00,1333.38,0.83,0.00,0.00,25.71,51.87
TSph3,6/27/18,2018,June,70.69,0.00,0.00,990.21,0.59,0.00,0.00,18.27,54.18
TSph7,6/29/18,2018,June,86.18,0.00,0.00,1207.15,0.57,0.00,0.00,17.66,68.37
TSph7,7/2/18,2018,July,80.02,0.00,0.00,1120.77,0.55,0.00,0.00,17.04,65.79
TSph3,7/3/18,2018,July,62.52,0.00,0.00,875.72,0.38,0.00,0.00,11.77,74.40
TSph7,7/5/18,2018,July,89.41,0.00,0.00,1252.35,0.68,0.00,0.00,21.06,59.46
TSph3,7/9/18,2018,July,60.93,0.00,0.00,853.45,0.45,0.00,0.00,13.94,61.23
TSph7,7/11/18,2018,July,87.07,0.00,0.00,1219.58,0.74,0.00,0.00,22.92,53.21
TSph7,7/14/18,2018,July,89.56,0.00,0.00,1254.45,0.57,0.00,0.00,17.66,71.05
TSph3,7/15/18,2018,July,71.78,0.00,0.00,1005.48,0.24,0.00,0.00,7.43,135.26
TSph7,7/17/18,2018,July,95.52,0.00,0.00,1337.95,0.67,0.00,0.00,20.75,64.47
TSph7,7/19/18,2018,July,94.93,0.00,0.00,1329.64,1.29,0.00,0.00,39.96,33.28
TSph3,7/21/18,2018,July,71.29,0.00,0.00,998.53,0.19,0.00,0.00,5.89,169.67
TSph7,7/22/18,2018,July,103.29,0.00,0.00,1446.80,1.30,0.00,0.00,40.27,35.93
TSph7,7/25/18,2018,July,79.73,0.00,0.00,1116.82,0.39,0.00,0.00,12.08,92.45
TSph3,7/27/18,2018,July,70.20,0.00,0.00,983.31,0.20,0.00,0.00,6.19,158.73
TSph7,7/28/18,2018,July,108.70,0.00,0.00,1522.52,0.77,0.00,0.00,23.85,63.84
TSph10,7/31/18,2018,July,60.76,0.00,0.00,851.05,0.37,0.00,0.00,11.37,74.87
TSph11,7/31/18,2018,July,18.83,0.00,0.00,263.81,0.41,0.00,0.00,12.67,20.82
TSph7,7/31/18,2018,July,78.60,0.00,0.00,1100.96,0.38,0.00,0.00,11.77,93.54
TSph9,7/31/18,2018,July,52.02,0.00,0.00,728.62,0.29,0.00,0.00,8.98,81.12
TSph3,8/2/18,2018,August,65.40,0.00,0.00,916.10,0.22,0.00,0.00,6.81,134.44
TSph7,8/3/18,2018,August,88.00,0.00,0.00,1232.55,0.96,0.00,0.00,29.74,41.45
TSph10,8/6/18,2018,August,77.82,0.00,0.00,1089.95,0.34,0.00,0.00,10.44,104.42
TSph11,8/6/18,2018,August,40.27,0.00,0.00,564.12,0.33,0.00,0.00,10.22,55.19
TSph7,8/6/18,2018,August,79.26,0.00,0.00,1110.19,0.53,0.00,0.00,16.42,67.63
TSph9,8/6/18,2018,August,85.47,0.00,0.00,1197.14,0.32,0.00,0.00,10.04,119.29
TSph3,8/7/18,2018,August,62.39,0.00,0.00,873.84,0.44,0.00,0.00,13.63,64.12
TSph7,8/9/18,2018,August,81.97,0.00,0.00,1148.10,0.45,0.00,0.00,13.94,82.37
TSph7,8/12/18,2018,August,71.85,0.00,0.00,1006.36,0.45,0.00,0.00,13.94,72.20
TSph3,8/13/18,2018,August,45.42,0.00,0.00,636.23,0.83,0.00,0.00,25.71,24.75
TSph7,8/15/18,2018,August,75.15,0.00,0.00,1052.63,0.41,0.00,0.00,12.70,82.89
TSph7,8/18/18,2018,August,79.26,0.00,0.00,1110.15,0.52,0.00,0.00,16.11,68.93
TSph3,8/19/18,2018,August,44.17,0.00,0.00,618.66,0.94,0.00,0.00,29.12,21.25
TSph7,8/21/18,2018,August,97.81,0.00,0.00,1370.01,0.78,0.00,0.00,24.16,56.71
TSph7,8/24/18,2018,August,80.22,0.00,0.00,1123.66,0.66,0.00,0.00,20.44,54.97
TSph3,8/25/18,2018,August,46.94,0.00,0.00,657.47,1.09,0.00,0.00,33.76,19.47
TSph7,8/27/18,2018,August,79.97,0.00,0.00,1120.10,0.77,0.00,0.00,23.85,46.96
TSph7,8/30/18,2018,August,77.29,0.00,0.00,1082.57,0.30,0.00,0.00,9.29,116.50
TSph3,8/31/18,2018,August,40.08,0.00,0.00,561.37,0.94,0.00,0.00,29.12,19.28
TSph7,9/2/18,2018,September,74.75,0.00,0.00,1047.05,0.31,0.00,0.00,9.60,109.05
TSph7,9/5/18,2018,September,66.37,0.00,0.00,929.62,0.30,0.00,0.00,9.29,100.04
TSph7,9/8/18,2018,September,66.85,0.00,0.00,936.40,0.26,0.00,0.00,8.05,116.28
TSph7,9/11/18,2018,September,69.06,0.00,0.00,967.35,0.32,0.00,0.00,9.91,97.60
TSph7,9/14/18,2018,September,64.10,0.00,0.00,897.85,0.29,0.00,0.00,8.98,99.96
TSph3,9/17/18,2018,September,72.82,0.00,0.00,1020.02,0.28,0.00,0.00,8.67,117.61
TSph7,9/17/18,2018,September,68.20,0.00,0.00,955.31,0.42,0.00,0.00,13.01,73.43
TSph7,9/20/18,2018,September,69.13,0.00,0.00,968.32,0.51,0.00,0.00,15.80,61.30
TSph3,9/23/18,2018,September,76.34,0.00,0.00,1069.32,0.27,0.00,0.00,8.36,127.86
TSph7,9/23/18,2018,September,72.03,0.00,0.00,1008.97,0.32,0.00,0.00,9.91,101.80
TSph10,9/26/18,2018,September,84.51,0.00,0.00,1183.66,0.32,0.00,0.00,9.97,118.68
TSph11,9/26/18,2018,September,21.24,0.00,0.00,297.52,0.38,0.00,0.00,11.80,25.21
TSph7,9/26/18,2018,September,70.32,0.00,0.00,985.01,0.53,0.00,0.00,16.42,60.00
TSph9,9/26/18,2018,September,58.43,0.00,0.00,818.37,0.21,0.00,0.00,6.47,126.42
TSph7,9/28/18,2018,September,74.95,0.00,0.00,1049.82,1.26,0.00,0.00,39.03,26.90
TSph3,9/29/18,2018,September,72.43,0.00,0.00,1014.58,0.24,0.00,0.00,7.43,136.48
TSph7,10/1/18,2018,October,66.70,0.00,0.00,934.31,0.35,0.00,0.00,10.84,86.18
TSph7,10/4/18,2018,October,68.19,0.00,0.00,955.19,0.32,0.00,0.00,9.91,96.37
TSph3,10/5/18,2018,October,73.26,0.00,0.00,1026.11,0.27,0.00,0.00,8.36,122.70
TSph7,10/7/18,2018,October,62.36,0.00,0.00,873.48,0.26,0.00,0.00,8.05,108.46
TSph7,10/10/18,2018,October,58.55,0.00,0.00,820.17,0.23,0.00,0.00,7.12,115.13
TSph3,10/11/18,2018,October,63.43,0.00,0.00,888.46,0.30,0.00,0.00,9.29,95.61
TSph7,10/13/18,2018,October,68.57,0.00,0.00,960.50,0.33,0.00,0.00,10.22,93.97
TSph7,10/16/18,2018,October,68.18,0.00,0.00,954.98,0.46,0.00,0.00,14.25,67.03
TSph3,10/17/18,2018,October,58.58,0.00,0.00,820.49,0.27,0.00,0.00,8.36,98.11
TSph7,10/19/18,2018,October,0.01,0.00,0.00,0.14,0.01,0.00,0.00,0.31,0.45
TSph7,10/22/18,2018,October,64.32,0.00,0.00,900.89,0.40,0.00,0.00,12.39,72.71
TSph3,10/23/18,2018,October,57.86,0.00,0.00,810.49,0.24,0.00,0.00,7.43,109.03
TSph7,10/25/18,2018,October,62.54,0.00,0.00,876.04,0.36,0.00,0.00,11.15,78.56
TSph7,10/28/18,2018,October,59.03,0.00,0.00,826.88,0.36,0.00,0.00,11.15,74.15
TSph10,10/29/18,2018,October,48.86,0.00,0.00,684.34,0.23,0.00,0.00,7.03,97.33
TSph11,10/29/18,2018,October,52.34,0.00,0.00,733.10,0.98,0.00,0.00,30.32,24.18
TSph3,10/29/18,2018,October,65.99,0.00,0.00,924.36,0.23,0.00,0.00,7.12,129.75
TSph9,10/29/18,2018,October,51.59,0.00,0.00,722.62,0.20,0.00,0.00,6.32,114.36
TSph7,10/31/18,2018,October,61.38,0.00,0.00,859.78,0.36,0.00,0.00,11.15,77.11
TSph7,11/3/18,2018,November,59.76,0.00,0.00,837.04,0.38,0.00,0.00,11.77,71.12
TSph3,11/4/18,2018,November,59.99,0.00,0.00,840.31,0.26,0.00,0.00,8.05,104.34
TSph7,11/6/18,2018,November,58.96,0.00,0.00,825.91,0.37,0.00,0.00,11.46,72.07
TSph7,11/9/18,2018,November,62.64,0.00,0.00,877.43,0.35,0.00,0.00,10.84,80.94
TSph7,11/12/18,2018,November,60.83,0.00,0.00,852.09,0.44,0.00,0.00,13.63,62.52
TSph7,11/15/18,2018,November,68.61,0.00,0.00,961.05,0.56,0.00,0.00,17.35,55.41
TSph7,11/18/18,2018,November,62.48,0.00,0.00,875.16,0.55,0.00,0.00,17.04,51.37
TSph10,11/19/18,2018,November,47.04,0.00,0.00,658.83,0.29,0.00,0.00,8.92,73.86
TSph11,11/19/18,2018,November,31.39,0.00,0.00,439.67,0.56,0.00,0.00,17.28,25.44
TSph3,11/19/18,2018,November,64.91,0.00,0.00,909.24,0.40,0.00,0.00,12.39,73.39
TSph9,11/19/18,2018,November,57.63,0.00,0.00,807.22,0.35,0.00,0.00,10.69,75.54
TSph7,11/21/18,2018,November,62.43,0.00,0.00,874.49,0.36,0.00,0.00,11.15,78.42
TSph7,11/24/18,2018,November,65.91,0.00,0.00,923.23,0.42,0.00,0.00,13.01,70.97
TSph3,11/25/18,2018,November,67.23,0.00,0.00,941.72,0.35,0.00,0.00,10.84,86.87
TSph7,11/27/18,2018,November,64.41,0.00,0.00,902.13,0.39,0.00,0.00,12.08,74.68
TSph7,11/29/18,2018,November,65.29,0.00,0.00,914.49,0.61,0.00,0.00,18.89,48.40
TSph3,12/1/18,2018,December,73.23,0.00,0.00,1025.73,0.42,0.00,0.00,13.01,78.85
TSph7,12/2/18,2018,December,63.20,0.00,0.00,885.27,0.20,0.00,0.00,6.19,142.91
TSph7,12/5/18,2018,December,69.29,0.00,0.00,970.57,0.37,0.00,0.00,11.46,84.69
TSph3,12/7/18,2018,December,71.97,0.00,0.00,1008.04,0.43,0.00,0.00,13.32,75.69
TSph7,12/8/18,2018,December,67.02,0.00,0.00,938.81,0.42,0.00,0.00,13.01,72.17
TSph7,12/11/18,2018,December,67.12,0.00,0.00,940.08,0.24,0.00,0.00,7.43,126.46
TSph3,12/13/18,2018,December,79.20,0.00,0.00,1109.41,0.39,0.00,0.00,12.08,91.84
TSph7,12/14/18,2018,December,69.27,0.00,0.00,970.32,0.50,0.00,0.00,15.49,62.65
TSph10,12/17/18,2018,December,76.87,0.00,0.00,1076.66,0.59,0.00,0.00,18.40,58.52
TSph11,12/17/18,2018,December,47.66,0.00,0.00,667.62,0.55,0.00,0.00,16.91,39.48
TSph7,12/17/18,2018,December,63.02,0.00,0.00,882.67,0.43,0.00,0.00,13.32,66.27
TSph9,12/17/18,2018,December,58.73,0.00,0.00,822.58,0.31,0.00,0.00,9.54,86.22
TSph3,12/19/18,2018,December,86.17,0.00,0.00,1206.91,0.40,0.00,0.00,12.39,97.41
TSph7,12/20/18,2018,December,65.56,0.00,0.00,918.33,0.25,0.00,0.00,7.74,118.59
TSph7,12/23/18,2018,December,61.58,0.00,0.00,862.58,0.24,0.00,0.00,7.43,116.04
TSph3,12/25/18,2018,December,92.46,0.00,0.00,1295.02,0.48,0.00,0.00,14.87,87.10
TSph7,12/26/18,2018,December,78.18,0.00,0.00,1095.04,0.79,0.00,0.00,24.47,44.75
TSph7,12/29/18,2018,December,74.46,0.00,0.00,1042.92,0.37,0.00,0.00,11.46,91.00
TSph3,12/30/18,2018,December,80.23,0.00,0.00,1123.84,0.17,0.00,0.00,5.27,213.43
TSph7,1/1/19,2019,January,69.89,0.00,0.00,978.89,0.33,0.00,0.00,10.22,95.77
TSph7,1/4/19,2019,January,67.73,0.00,0.00,948.68,0.44,0.00,0.00,13.63,69.61
TSph3,1/5/19,2019,January,83.19,0.00,0.00,1165.23,0.17,0.00,0.00,5.27,221.29
TSph7,1/7/19,2019,January,66.21,0.00,0.00,927.36,0.24,0.00,0.00,7.43,124.75
TSph7,1/10/19,2019,January,69.32,0.00,0.00,971.01,0.43,0.00,0.00,13.32,72.90
TSph3,1/11/19,2019,January,110.56,0.00,0.00,1548.59,0.19,0.00,0.00,5.89,263.14
TSph7,1/13/19,2019,January,138.85,0.00,0.00,1944.87,0.72,0.00,0.00,22.30,87.21
TSph7,1/16/19,2019,January,76.94,0.00,0.00,1077.73,0.61,0.00,0.00,18.89,57.04
TSph3,1/17/19,2019,January,109.37,0.00,0.00,1531.90,0.21,0.00,0.00,6.50,235.51
TSph7,1/19/19,2019,January,71.17,0.00,0.00,996.89,0.40,0.00,0.00,12.39,80.46
TSph7,1/22/19,2019,January,71.62,0.00,0.00,1003.21,0.37,0.00,0.00,11.46,87.54
TSph7,1/25/19,2019,January,79.40,0.00,0.00,1112.18,0.44,0.00,0.00,13.63,81.61
TSph3,1/26/19,2019,January,119.10,0.00,0.00,1668.26,0.25,0.00,0.00,7.74,215.44
TSph7,1/28/19,2019,January,76.13,0.00,0.00,1066.30,0.76,0.00,0.00,23.54,45.30
TSph10,1/29/19,2019,January,72.17,0.00,0.00,1010.84,0.30,0.00,0.00,9.42,107.35
TSph11,1/29/19,2019,January,23.40,0.00,0.00,327.76,0.38,0.00,0.00,11.62,28.22
TSph7,1/29/19,2019,January,97.56,0.00,0.00,1366.45,1.28,0.00,0.00,39.65,34.47
TSph9,1/29/19,2019,January,59.71,0.00,0.00,836.29,0.31,0.00,0.00,9.45,88.52
TSph3,2/1/19,2019,February,98.68,0.00,0.00,1382.27,0.15,0.00,0.00,4.65,297.51
TSph7,2/1/19,2019,February,67.02,0.00,0.00,938.68,0.27,0.00,0.00,8.36,112.24
TSph7,2/4/19,2019,February,63.88,0.00,0.00,894.80,0.23,0.00,0.00,7.12,125.60
TSph3,2/7/19,2019,February,88.71,0.00,0.00,1242.49,0.20,0.00,0.00,6.19,200.57
TSph7,2/7/19,2019,February,61.50,0.00,0.00,861.39,0.25,0.00,0.00,7.74,111.24
TSph7,2/10/19,2019,February,66.56,0.00,0.00,932.25,0.28,0.00,0.00,8.67,107.49
TSph3,2/12/19,2019,February,101.12,0.00,0.00,1416.43,0.25,0.00,0.00,7.74,182.92
TSph7,2/13/19,2019,February,68.86,0.00,0.00,964.45,0.31,0.00,0.00,9.60,100.44
TSph7,2/16/19,2019,February,63.48,0.00,0.00,889.22,0.29,0.00,0.00,8.98,99.00
TSph3,2/18/19,2019,February,81.11,0.00,0.00,1136.14,0.01,0.00,0.00,0.31,3668.03
TSph7,2/19/19,2019,February,56.83,0.00,0.00,796.06,0.25,0.00,0.00,7.74,102.80
TSph7,2/22/19,2019,February,62.73,0.00,0.00,878.66,0.36,0.00,0.00,11.15,78.80
TSph3,2/24/19,2019,February,65.55,0.00,0.00,918.10,0.47,0.00,0.00,14.56,63.07
TSph7,2/25/19,2019,February,63.73,0.00,0.00,892.72,0.36,0.00,0.00,11.15,80.06
TSph7,2/28/19,2019,February,83.74,0.00,0.00,1172.89,0.72,0.00,0.00,22.30,52.59
TSph3,3/2/19,2019,March,68.47,0.00,0.00,959.12,0.22,0.00,0.00,6.81,140.75
TSph7,3/3/19,2019,March,75.50,0.00,0.00,1057.51,0.49,0.00,0.00,15.18,69.68
TSph10,3/6/19,2019,March,73.77,0.00,0.00,1033.31,0.26,0.00,0.00,8.18,126.37
TSph11,3/6/19,2019,March,24.91,0.00,0.00,348.96,0.35,0.00,0.00,10.84,32.19
TSph7,3/6/19,2019,March,118.14,0.00,0.00,1654.77,0.76,0.00,0.00,23.54,70.30
TSph9,3/6/19,2019,March,63.62,0.00,0.00,891.07,0.24,0.00,0.00,7.31,121.90
TSph3,3/8/19,2019,March,65.48,0.00,0.00,917.23,0.19,0.00,0.00,5.89,155.86
TSph7,3/9/19,2019,March,73.46,0.00,0.00,1029.00,0.30,0.00,0.00,9.29,110.74
TSph7,3/12/19,2019,March,64.33,0.00,0.00,901.01,0.40,0.00,0.00,12.39,72.72
TSph3,3/14/19,2019,March,73.35,0.00,0.00,1027.44,0.21,0.00,0.00,6.50,157.96
TSph7,3/15/19,2019,March,78.75,0.00,0.00,1103.09,0.64,0.00,0.00,19.82,55.65
TSph7,3/18/19,2019,March,60.08,0.00,0.00,841.51,0.33,0.00,0.00,10.22,82.33
TSph3,3/20/19,2019,March,82.98,0.00,0.00,1162.33,0.30,0.00,0.00,9.29,125.09
TSph10,3/21/19,2019,March,22.11,0.00,0.00,309.67,0.23,0.00,0.00,7.19,43.09
TSph11,3/21/19,2019,March,42.85,0.00,0.00,600.23,0.44,0.00,0.00,13.63,44.04
TSph7,3/21/19,2019,March,62.88,0.00,0.00,880.77,0.39,0.00,0.00,12.08,72.91
TSph9,3/21/19,2019,March,43.46,0.00,0.00,608.73,0.21,0.00,0.00,6.60,92.27
TSph7,3/24/19,2019,March,59.00,0.00,0.00,826.36,0.31,0.00,0.00,9.60,86.06
TSph3,3/26/19,2019,March,82.28,0.00,0.00,1152.52,0.21,0.00,0.00,6.50,177.19
TSph7,3/27/19,2019,March,62.34,0.00,0.00,873.17,0.39,0.00,0.00,12.08,72.28
TSph7,3/30/19,2019,March,67.09,0.00,0.00,939.70,0.56,0.00,0.00,17.35,54.18
TSph3,4/1/19,2019,April,87.22,0.00,0.00,1221.68,0.24,0.00,0.00,7.43,164.34
TSph7,4/1/19,2019,April,69.53,0.00,0.00,973.93,0.45,0.00,0.00,13.94,69.87
TSph7,4/4/19,2019,April,66.22,0.00,0.00,927.53,0.46,0.00,0.00,14.25,65.10
TSph3,4/7/19,2019,April,97.95,0.00,0.00,1372.04,0.29,0.00,0.00,8.98,152.75
TSph7,4/7/19,2019,April,72.14,0.00,0.00,1010.51,0.61,0.00,0.00,18.89,53.48
TSph7,4/10/19,2019,April,74.79,0.00,0.00,1047.63,0.58,0.00,0.00,17.96,58.32
TSph7,4/13/19,2019,April,74.90,0.00,0.00,1049.07,0.80,0.00,0.00,24.78,42.34
TSph7,4/16/19,2019,April,85.83,0.00,0.00,1202.26,1.34,0.00,0.00,41.51,28.97
TSph7,4/19/19,2019,April,89.62,0.00,0.00,1255.25,1.23,0.00,0.00,38.10,32.95
TSph3,4/22/19,2019,April,97.13,0.00,0.00,1360.53,0.39,0.00,0.00,12.08,112.63
TSph7,4/22/19,2019,April,76.09,0.00,0.00,1065.75,0.83,0.00,0.00,25.71,41.46
TSph10,4/25/19,2019,April,48.74,0.00,0.00,682.72,0.27,0.00,0.00,8.46,80.74
TSph11,4/25/19,2019,April,20.75,0.00,0.00,290.60,0.48,0.00,0.00,14.99,19.38
TSph7,4/25/19,2019,April,94.93,0.00,0.00,1329.66,1.32,0.00,0.00,40.89,32.52
TSph9,4/25/19,2019,April,43.12,0.00,0.00,603.98,0.24,0.00,0.00,7.43,81.25
TSph3,4/28/19,2019,April,91.11,0.00,0.00,1276.19,0.32,0.00,0.00,9.91,128.76
TSph7,4/28/19,2019,April,109.05,0.00,0.00,1527.39,1.49,0.00,0.00,46.15,33.10
TSph7,4/29/19,2019,April,111.49,0.00,0.00,1561.68,1.85,0.00,0.00,57.30,27.25
TSph3,5/1/19,2019,May,103.47,0.00,0.00,1449.25,0.39,0.00,0.00,12.08,119.97
TSph7,5/2/19,2019,May,77.63,0.00,0.00,1087.31,0.68,0.00,0.00,21.06,51.62
TSph7,5/5/19,2019,May,65.08,0.00,0.00,911.62,0.24,0.00,0.00,7.43,122.63
TSph7,5/8/19,2019,May,70.83,0.00,0.00,992.14,0.25,0.00,0.00,7.74,128.13
TSph7,5/11/19,2019,May,70.84,0.00,0.00,992.19,0.42,0.00,0.00,13.01,76.27
TSph7,5/14/19,2019,May,77.88,0.00,0.00,1090.89,0.34,0.00,0.00,10.53,103.59
TSph7,5/17/19,2019,May,70.37,0.00,0.00,985.70,0.34,0.00,0.00,10.53,93.60
TSph3,5/20/19,2019,May,102.86,0.00,0.00,1440.72,0.46,0.00,0.00,14.25,101.12
TSph7,5/20/19,2019,May,62.81,0.00,0.00,879.78,0.32,0.00,0.00,9.91,88.76
TSph7,5/23/19,2019,May,72.03,0.00,0.00,1008.94,0.42,0.00,0.00,13.01,77.56
TSph3,5/26/19,2019,May,91.43,0.00,0.00,1280.65,0.38,0.00,0.00,11.77,108.80
TSph7,5/26/19,2019,May,77.40,0.00,0.00,1084.20,0.26,0.00,0.00,8.05,134.63
TSph7,5/28/19,2019,May,86.04,0.00,0.00,1205.22,0.63,0.00,0.00,19.51,61.76
TSph10,5/30/19,2019,May,26.98,0.00,0.00,377.84,0.07,0.00,0.00,2.23,169.42
TSph11,5/30/19,2019,May,29.96,0.00,0.00,419.64,0.41,0.00,0.00,12.82,32.72
TSph9,5/30/19,2019,May,39.30,0.00,0.00,550.53,0.40,0.00,0.00,12.36,44.55
TSph7,5/31/19,2019,May,69.05,0.00,0.00,967.16,0.20,0.00,0.00,6.19,156.12
TSph3,6/1/19,2019,June,115.00,0.00,0.00,1610.81,0.53,0.00,0.00,16.42,98.12
TSph7,6/3/19,2019,June,72.62,0.00,0.00,1017.17,0.22,0.00,0.00,6.81,149.27
TSph7,6/6/19,2019,June,75.71,0.00,0.00,1060.53,0.23,0.00,0.00,7.12,148.87
TSph3,6/7/19,2019,June,121.43,0.00,0.00,1700.86,0.54,0.00,0.00,16.73,101.69
TSph7,6/9/19,2019,June,73.81,0.00,0.00,1033.86,0.28,0.00,0.00,8.67,119.21
TSph7,6/12/19,2019,June,75.71,0.00,0.00,1060.53,0.38,0.00,0.00,11.77,90.10
TSph3,6/13/19,2019,June,115.00,0.00,0.00,1610.81,0.56,0.00,0.00,17.35,92.87
TSph7,6/15/19,2019,June,68.81,0.00,0.00,963.82,0.33,0.00,0.00,10.22,94.29
TSph7,6/18/19,2019,June,70.48,0.00,0.00,987.16,0.40,0.00,0.00,12.39,79.68
TSph3,6/19/19,2019,June,89.29,0.00,0.00,1250.63,0.66,0.00,0.00,20.44,61.18
TSph7,6/21/19,2019,June,69.76,0.00,0.00,977.16,0.45,0.00,0.00,13.94,70.11
TSph7,6/23/19,2019,June,77.86,0.00,0.00,1090.54,0.45,0.00,0.00,13.94,78.24
TSph10,6/24/19,2019,June,70.24,0.00,0.00,983.82,0.53,0.00,0.00,16.54,59.48
TSph11,6/24/19,2019,June,14.76,0.00,0.00,206.77,0.58,0.00,0.00,17.90,11.55
TSph3,6/24/19,2019,June,95.00,0.00,0.00,1330.67,0.86,0.00,0.00,26.64,49.95
TSph9,6/24/19,2019,June,55.48,0.00,0.00,777.05,0.39,0.00,0.00,12.20,63.67
TSph7,6/27/19,2019,June,79.76,0.00,0.00,1117.23,0.31,0.00,0.00,9.60,116.35
TSph3,6/30/19,2019,June,154.05,0.00,0.00,2157.75,0.32,0.00,0.00,9.91,217.70
TSph7,6/30/19,2019,June,71.43,0.00,0.00,1000.51,0.22,0.00,0.00,6.81,146.82
TSph7,7/3/19,2019,July,71.91,0.00,0.00,1007.17,0.20,0.00,0.00,6.19,162.58
TSph3,7/6/19,2019,July,89.76,0.00,0.00,1257.30,0.24,0.00,0.00,7.43,169.13
TSph7,7/6/19,2019,July,70.95,0.00,0.00,993.82,0.27,0.00,0.00,8.36,118.84
TSph7,7/9/19,2019,July,68.10,0.00,0.00,953.81,0.24,0.00,0.00,7.43,128.31
TSph3,7/12/19,2019,July,73.81,0.00,0.00,1033.86,0.25,0.00,0.00,7.74,133.51
TSph7,7/12/19,2019,July,72.14,0.00,0.00,1010.51,0.30,0.00,0.00,9.29,108.75
TSph7,7/15/19,2019,July,67.86,0.00,0.00,950.47,0.28,0.00,0.00,8.67,109.59
TSph3,7/17/19,2019,July,73.81,0.00,0.00,1033.86,0.27,0.00,0.00,8.36,123.62
TSph7,7/18/19,2019,July,70.24,0.00,0.00,983.82,0.29,0.00,0.00,8.98,109.53
TSph7,7/21/19,2019,July,77.86,0.00,0.00,1090.54,0.32,0.00,0.00,9.91,110.03
TSph10,7/22/19,2019,July,65.48,0.00,0.00,917.12,0.37,0.00,0.00,11.34,80.90
TSph11,7/22/19,2019,July,26.67,0.00,0.00,373.52,0.28,0.00,0.00,8.80,42.46
TSph9,7/22/19,2019,July,56.67,0.00,0.00,793.73,0.21,0.00,0.00,6.44,123.20
TSph3,7/24/19,2019,July,59.29,0.00,0.00,830.42,0.46,0.00,0.00,14.25,58.28
TSph7,7/24/19,2019,July,73.10,0.00,0.00,1023.84,0.26,0.00,0.00,8.05,127.13
TSph7,7/27/19,2019,July,76.43,0.00,0.00,1070.54,0.35,0.00,0.00,10.84,98.75
TSph7,7/29/19,2019,July,84.05,0.00,0.00,1177.26,0.44,0.00,0.00,13.63,86.38
TSph3,7/30/19,2019,July,54.29,0.00,0.00,760.38,0.46,0.00,0.00,14.25,53.37
TSph7,8/1/19,2019,August,70.95,0.00,0.00,993.82,0.31,0.00,0.00,9.60,103.50
TSph7,8/4/19,2019,August,67.86,0.00,0.00,950.47,0.23,0.00,0.00,7.12,133.42
TSph3,8/5/19,2019,August,57.86,0.00,0.00,810.40,0.44,0.00,0.00,13.63,59.46
TSph7,8/7/19,2019,August,71.91,0.00,0.00,1007.17,0.32,0.00,0.00,9.91,101.61
TSph7,8/10/19,2019,August,74.76,0.00,0.00,1047.19,0.35,0.00,0.00,10.84,96.60
TSph3,8/11/19,2019,August,53.57,0.00,0.00,750.37,0.48,0.00,0.00,14.87,50.47
TSph7,8/13/19,2019,August,69.76,0.00,0.00,977.16,0.35,0.00,0.00,10.84,90.14
TSph7,8/16/19,2019,August,66.19,0.00,0.00,927.12,0.28,0.00,0.00,8.67,106.90
TSph3,8/17/19,2019,August,67.86,0.00,0.00,950.47,0.55,0.00,0.00,17.04,55.79
TSph7,8/19/19,2019,August,72.14,0.00,0.00,1010.51,0.37,0.00,0.00,11.46,88.17
TSph3,8/22/19,2019,August,54.29,0.00,0.00,760.38,0.58,0.00,0.00,17.96,42.33
TSph7,8/22/19,2019,August,66.67,0.00,0.00,933.80,0.53,0.00,0.00,16.42,56.88
TSph7,8/25/19,2019,August,60.95,0.00,0.00,853.75,0.33,0.00,0.00,10.22,83.53
TSph7,8/26/19,2019,August,64.52,0.00,0.00,903.79,0.38,0.00,0.00,11.77,76.79
TSph10,8/28/19,2019,August,73.81,0.00,0.00,1033.86,0.43,0.00,0.00,13.35,77.44
TSph11,8/28/19,2019,August,12.14,0.00,0.00,170.09,0.33,0.00,0.00,10.07,16.90
TSph3,8/28/19,2019,August,58.33,0.00,0.00,817.07,0.14,0.00,0.00,4.34,188.42
TSph9,8/28/19,2019,August,48.10,0.00,0.00,673.67,0.24,0.00,0.00,7.46,90.25
TSph7,8/29/19,2019,August,75.71,0.00,0.00,1060.53,0.32,0.00,0.00,9.91,107.00
TSph7,9/1/19,2019,September,66.91,0.00,0.00,937.14,0.41,0.00,0.00,12.70,73.79
TSph3,9/3/19,2019,September,57.86,0.00,0.00,810.40,0.16,0.00,0.00,4.96,163.52
TSph7,9/4/19,2019,September,62.86,0.00,0.00,880.44,0.25,0.00,0.00,7.74,113.70
TSph7,9/7/19,2019,September,69.76,0.00,0.00,977.16,0.30,0.00,0.00,9.29,105.16
TSph3,9/9/19,2019,September,62.14,0.00,0.00,870.44,0.15,0.00,0.00,4.65,187.35
TSph7,9/10/19,2019,September,74.29,0.00,0.00,1040.52,0.40,0.00,0.00,12.39,83.98
TSph7,9/13/19,2019,September,74.29,0.00,0.00,1040.52,0.32,0.00,0.00,9.91,104.98
TSph3,9/15/19,2019,September,66.67,0.00,0.00,933.80,0.21,0.00,0.00,6.50,143.56
TSph7,9/16/19,2019,September,0.01,0.00,0.00,0.14,0.01,0.00,0.00,0.31,0.45
TSph7,9/19/19,2019,September,0.01,0.00,0.00,0.14,0.01,0.00,0.00,0.31,0.45
TSph3,9/21/19,2019,September,70.48,0.00,0.00,987.16,0.20,0.00,0.00,6.19,159.35
TSph7,9/22/19,2019,September,70.00,0.00,0.00,980.49,0.27,0.00,0.00,8.36,117.24
TSph7,9/25/19,2019,September,75.24,0.00,0.00,1053.86,0.70,0.00,0.00,21.68,48.61
TSph7,9/26/19,2019,September,75.24,0.00,0.00,1053.86,0.50,0.00,0.00,15.49,68.05
TSph3,9/27/19,2019,September,54.64,0.00,0.00,765.38,0.49,0.00,0.00,15.18,50.43
TSph10,9/29/19,2019,September,36.19,0.00,0.00,506.91,0.20,0.00,0.00,6.04,83.93
TSph11,9/29/19,2019,September,36.91,0.00,0.00,516.93,0.38,0.00,0.00,11.71,44.15
TSph7,9/29/19,2019,September,75.71,0.00,0.00,1060.53,0.37,0.00,0.00,11.46,92.54
TSph9,9/29/19,2019,September,52.14,0.00,0.00,730.37,0.22,0.00,0.00,6.75,108.17
TSph7,10/2/19,2019,October,73.57,0.00,0.00,1030.51,0.31,0.00,0.00,9.60,107.32
TSph3,10/3/19,2019,October,61.19,0.00,0.00,857.09,0.38,0.00,0.00,11.77,72.82
TSph7,10/5/19,2019,October,70.71,0.00,0.00,990.49,0.33,0.00,0.00,10.22,96.90
TSph7,10/8/19,2019,October,70.00,0.00,0.00,980.49,0.33,0.00,0.00,10.22,95.93
TSph3,10/9/19,2019,October,62.38,0.00,0.00,873.77,0.41,0.00,0.00,12.70,68.80
TSph7,10/11/19,2019,October,0.01,0.00,0.00,0.14,0.01,0.00,0.00,0.31,0.45
TSph7,10/14/19,2019,October,67.86,0.00,0.00,950.47,0.34,0.00,0.00,10.53,90.25
TSph3,10/15/19,2019,October,59.05,0.00,0.00,827.09,0.38,0.00,0.00,11.77,70.27
TSph10,10/17/19,2019,October,30.71,0.00,0.00,430.21,0.20,0.00,0.00,6.16,69.80
TSph11,10/17/19,2019,October,48.57,0.00,0.00,680.33,0.57,0.00,0.00,17.72,38.40
TSph7,10/17/19,2019,October,66.43,0.00,0.00,930.47,0.37,0.00,0.00,11.46,81.19
TSph9,10/17/19,2019,October,50.00,0.00,0.00,700.35,0.20,0.00,0.00,6.26,111.94
TSph7,10/20/19,2019,October,66.43,0.00,0.00,930.47,0.47,0.00,0.00,14.56,63.92
TSph3,10/21/19,2019,October,62.86,0.00,0.00,880.44,0.41,0.00,0.00,12.70,69.33
TSph7,10/23/19,2019,October,70.00,0.00,0.00,980.49,0.43,0.00,0.00,13.32,73.62
TSph7,10/24/19,2019,October,78.57,0.00,0.00,1100.54,0.89,0.00,0.00,27.57,39.92
TSph3,10/27/19,2019,October,59.76,0.00,0.00,837.09,0.31,0.00,0.00,9.60,87.18
TSph7,10/27/19,2019,October,59.29,0.00,0.00,830.42,0.50,0.00,0.00,15.49,53.62
TSph7,10/30/19,2019,October,57.36,0.00,0.00,803.40,0.25,0.00,0.00,7.74,103.75
TSph3,11/2/19,2019,November,53.10,0.00,0.00,743.70,0.24,0.00,0.00,7.43,100.04
TSph7,11/2/19,2019,November,62.36,0.00,0.00,873.43,0.26,0.00,0.00,8.05,108.46
TSph7,11/5/19,2019,November,58.07,0.00,0.00,813.40,0.25,0.00,0.00,7.74,105.04
TSph3,11/8/19,2019,November,57.38,0.00,0.00,803.74,0.23,0.00,0.00,7.12,112.82
TSph7,11/8/19,2019,November,60.50,0.00,0.00,847.42,0.25,0.00,0.00,7.74,109.44
TSph7,11/11/19,2019,November,64.29,0.00,0.00,900.45,0.26,0.00,0.00,8.05,111.81
TSph10,11/12/19,2019,November,11.43,0.00,0.00,160.09,0.18,0.00,0.00,5.64,28.40
TSph11,11/12/19,2019,November,12.14,0.00,0.00,170.09,0.24,0.00,0.00,7.43,22.88
TSph9,11/12/19,2019,November,50.71,0.00,0.00,710.35,0.23,0.00,0.00,7.19,98.85
TSph3,11/14/19,2019,November,65.95,0.00,0.00,923.79,0.26,0.00,0.00,8.05,114.71
TSph7,11/14/19,2019,November,56.43,0.00,0.00,790.40,0.26,0.00,0.00,8.05,98.15
TSph7,11/17/19,2019,November,54.29,0.00,0.00,760.38,0.27,0.00,0.00,8.36,90.92
TSph3,11/20/19,2019,November,64.52,0.00,0.00,903.79,0.30,0.00,0.00,9.29,97.26
TSph7,11/20/19,2019,November,53.57,0.00,0.00,750.37,0.28,0.00,0.00,8.67,86.52
TSph7,11/21/19,2019,November,60.00,0.00,0.00,840.42,0.39,0.00,0.00,12.08,69.57
TSph3,11/24/19,2019,November,55.48,0.00,0.00,777.05,0.17,0.00,0.00,5.27,147.57
TSph7,11/24/19,2019,November,63.57,0.00,0.00,890.44,0.28,0.00,0.00,8.67,102.67
TSph7,11/27/19,2019,November,57.14,0.00,0.00,800.40,0.24,0.00,0.00,7.43,107.67
TSph3,11/30/19,2019,November,62.14,0.00,0.00,870.44,0.24,0.00,0.00,7.43,117.09
TSph7,11/30/19,2019,November,60.00,0.00,0.00,840.42,0.24,0.00,0.00,7.43,113.05
TSph7,12/3/19,2019,December,61.43,0.00,0.00,860.44,0.26,0.00,0.00,8.05,106.84
TSph3,12/6/19,2019,December,67.14,0.00,0.00,940.47,0.22,0.00,0.00,6.81,138.01
TSph7,12/6/19,2019,December,58.57,0.00,0.00,820.40,0.28,0.00,0.00,8.67,94.60
TSph7,12/9/19,2019,December,57.86,0.00,0.00,810.40,0.27,0.00,0.00,8.36,96.90
TSph10,12/10/19,2019,December,57.86,0.00,0.00,810.40,0.22,0.00,0.00,6.75,120.02
TSph11,12/10/19,2019,December,22.86,0.00,0.00,320.16,0.32,0.00,0.00,9.88,32.40
TSph9,12/10/19,2019,December,43.57,0.00,0.00,610.30,0.56,0.00,0.00,17.38,35.12
TSph3,12/12/19,2019,December,70.95,0.00,0.00,993.82,0.25,0.00,0.00,7.74,128.34
TSph7,12/12/19,2019,December,58.57,0.00,0.00,820.40,0.28,0.00,0.00,8.67,94.60
TSph7,12/15/19,2019,December,57.14,0.00,0.00,800.40,0.27,0.00,0.00,8.36,95.71
TSph3,12/18/19,2019,December,85.24,0.00,0.00,1193.93,0.32,0.00,0.00,9.91,120.46
TSph7,12/18/19,2019,December,56.43,0.00,0.00,790.40,0.28,0.00,0.00,8.67,91.14
TSph7,12/21/19,2019,December,62.62,0.00,0.00,877.10,0.23,0.00,0.00,7.12,123.12
TSph3,12/24/19,2019,December,78.21,0.00,0.00,1095.54,0.41,0.00,0.00,12.70,86.27
TSph7,12/24/19,2019,December,56.43,0.00,0.00,790.40,0.25,0.00,0.00,7.74,102.07
TSph7,12/27/19,2019,December,50.71,0.00,0.00,710.35,0.27,0.00,0.00,8.36,84.94
TSph3,12/30/19,2019,December,85.48,0.00,0.00,1197.26,0.01,0.00,0.00,0.31,3865.38
TSph7,12/30/19,2019,December,50.36,0.00,0.00,705.34,0.01,0.00,0.00,0.31,2277.19
TSph7,1/2/20,2020,January,49.52,0.00,0.00,693.68,0.30,0.00,0.00,9.29,74.65
TSph3,1/5/20,2020,January,78.93,0.00,0.00,1105.56,0.44,0.00,0.00,13.63,81.12
TSph7,1/5/20,2020,January,51.91,0.00,0.00,727.03,0.30,0.00,0.00,9.29,78.24
TSph7,1/8/20,2020,January,51.67,0.00,0.00,723.70,0.34,0.00,0.00,10.53,68.72
TSph3,1/11/20,2020,January,84.76,0.00,0.00,1187.26,0.40,0.00,0.00,12.39,95.83
TSph7,1/11/20,2020,January,53.10,0.00,0.00,743.70,0.28,0.00,0.00,8.67,85.75
TSph7,1/14/20,2020,January,54.76,0.00,0.00,767.05,0.28,0.00,0.00,8.67,88.44
TSph3,1/17/20,2020,January,100.95,0.00,0.00,1414.03,0.58,0.00,0.00,17.96,78.71
TSph7,1/17/20,2020,January,54.29,0.00,0.00,760.38,0.35,0.00,0.00,10.84,70.14
TSph7,1/20/20,2020,January,55.00,0.00,0.00,770.39,0.43,0.00,0.00,13.32,57.84
TSph3,1/21/20,2020,January,118.21,0.00,0.00,1655.82,0.66,0.00,0.00,20.44,81.00
TSph7,1/23/20,2020,January,58.33,0.00,0.00,817.07,0.43,0.00,0.00,13.32,61.35
TSph7,1/26/20,2020,January,56.43,0.00,0.00,790.40,0.23,0.00,0.00,7.12,110.95
TSph3,1/27/20,2020,January,101.43,0.00,0.00,1420.72,0.31,0.00,0.00,9.60,147.96
TSph7,1/29/20,2020,January,52.14,0.00,0.00,730.37,0.19,0.00,0.00,5.89,124.11
TSph7,2/1/20,2020,February,52.86,0.00,0.00,740.37,0.26,0.00,0.00,8.05,91.93
TSph3,2/2/20,2020,February,104.29,0.00,0.00,1460.73,0.35,0.00,0.00,10.84,134.74
TSph7,2/4/20,2020,February,56.43,0.00,0.00,790.40,0.25,0.00,0.00,7.74,102.07
TSph7,2/7/20,2020,February,55.71,0.00,0.00,780.39,0.26,0.00,0.00,8.05,96.90
TSph3,2/8/20,2020,February,95.71,0.00,0.00,1340.67,0.34,0.00,0.00,10.53,127.30
TSph7,2/10/20,2020,February,62.86,0.00,0.00,880.44,0.35,0.00,0.00,10.84,81.21
TSph7,2/13/20,2020,February,57.86,0.00,0.00,810.40,0.28,0.00,0.00,8.67,93.44
TSph3,2/14/20,2020,February,86.43,0.00,0.00,1210.61,0.42,0.00,0.00,13.01,93.06
TSph7,2/16/20,2020,February,59.29,0.00,0.00,830.42,0.35,0.00,0.00,10.84,76.60
TSph7,2/19/20,2020,February,56.43,0.00,0.00,790.40,0.34,0.00,0.00,10.53,75.05
TSph3,2/20/20,2020,February,97.14,0.00,0.00,1360.68,0.52,0.00,0.00,16.11,84.48
TSph7,2/20/20,2020,February,0.01,0.00,0.00,0.14,0.01,0.00,0.00,0.31,0.45
TSph7,2/23/20,2020,February,65.95,0.00,0.00,923.79,0.44,0.00,0.00,13.63,67.78
TSph3,2/25/20,2020,February,105.00,0.00,0.00,1470.74,0.63,0.00,0.00,19.51,75.37
TSph7,2/26/20,2020,February,56.19,0.00,0.00,787.05,0.34,0.00,0.00,10.53,74.74
TSph7,2/29/20,2020,February,56.91,0.00,0.00,797.07,0.34,0.00,0.00,10.53,75.69
TSph3,3/2/20,2020,March,104.29,0.00,0.00,1460.73,0.49,0.00,0.00,15.18,96.24
TSph7,3/3/20,2020,March,57.62,0.00,0.00,807.07,0.33,0.00,0.00,10.22,78.96
TSph7,3/6/20,2020,March,51.67,0.00,0.00,723.70,0.37,0.00,0.00,11.46,63.15
TSph3,3/8/20,2020,March,108.57,0.00,0.00,1520.75,0.33,0.00,0.00,10.22,148.78
TSph7,3/9/20,2020,March,60.48,0.00,0.00,847.09,0.33,0.00,0.00,10.22,82.87
TSph7,3/12/20,2020,March,55.95,0.00,0.00,783.72,0.35,0.00,0.00,10.84,72.29
TSph3,3/14/20,2020,March,115.00,0.00,0.00,1610.81,0.35,0.00,0.00,10.84,148.59
TSph7,3/15/20,2020,March,56.67,0.00,0.00,793.73,0.39,0.00,0.00,12.08,65.71
TSph7,3/18/20,2020,March,58.10,0.00,0.00,813.74,0.44,0.00,0.00,13.63,59.71
TSph3,3/20/20,2020,March,112.14,0.00,0.00,1570.79,0.01,0.00,0.00,0.31,5071.31
TSph7,3/21/20,2020,March,59.52,0.00,0.00,833.75,0.46,0.00,0.00,14.25,58.52
TSph7,3/24/20,2020,March,63.81,0.00,0.00,893.79,0.49,0.00,0.00,15.18,58.89
TSph3,3/26/20,2020,March,107.38,0.00,0.00,1504.09,0.01,0.00,0.00,0.31,4855.96
TSph7,3/26/20,2020,March,61.91,0.00,0.00,867.10,0.48,0.00,0.00,14.87,58.32
TSph7,3/29/20,2020,March,57.14,0.00,0.00,800.40,0.32,0.00,0.00,9.91,80.75
TSph3,3/31/20,2020,March,110.00,0.00,0.00,1540.77,0.01,0.00,0.00,0.31,4974.40
TSph7,4/1/20,2020,April,63.10,0.00,0.00,883.77,0.33,0.00,0.00,10.22,86.46
TSph7,4/4/20,2020,April,57.86,0.00,0.00,810.40,0.32,0.00,0.00,9.91,81.76
TSph7,4/7/20,2020,April,64.76,0.00,0.00,907.12,0.25,0.00,0.00,7.74,117.15
TSph7,4/10/20,2020,April,59.29,0.00,0.00,830.42,0.28,0.00,0.00,8.67,95.75
TSph3,4/13/20,2020,April,0.01,0.00,0.00,0.14,0.01,0.00,0.00,0.31,0.45
TSph7,4/13/20,2020,April,60.71,0.00,0.00,850.42,0.30,0.00,0.00,9.29,91.52
TSph7,4/16/20,2020,April,68.33,0.00,0.00,957.14,0.51,0.00,0.00,15.80,60.59
TSph3,4/19/20,2020,April,0.01,0.00,0.00,0.14,0.01,0.00,0.00,0.31,0.45
TSph7,4/19/20,2020,April,70.24,0.00,0.00,983.82,0.61,0.00,0.00,18.89,52.07
TSph7,4/22/20,2020,April,65.48,0.00,0.00,917.12,0.34,0.00,0.00,10.53,87.09
TSph3,4/25/20,2020,April,0.01,0.00,0.00,0.14,0.01,0.00,0.00,0.31,0.45
TSph7,4/25/20,2020,April,65.24,0.00,0.00,913.79,0.26,0.00,0.00,8.05,113.47
TSph7,4/28/20,2020,April,0.01,0.00,0.00,0.14,0.01,0.00,0.00,0.31,0.45
TSph3,5/1/20,2020,May,0.01,0.00,0.00,0.14,0.01,0.00,0.00,0.31,0.45
TSph7,5/1/20,2020,May,66.91,0.00,0.00,937.14,0.32,0.00,0.00,9.91,94.55
TSph3,5/3/20,2020,May,0.01,0.00,0.00,0.14,0.01,0.00,0.00,0.31,0.45
TSph7,5/4/20,2020,May,64.52,0.00,0.00,903.79,0.36,0.00,0.00,11.15,81.05
TSph7,5/7/20,2020,May,71.43,0.00,0.00,1000.51,0.51,0.00,0.00,15.80,63.34
TSph7,5/10/20,2020,May,64.76,0.00,0.00,907.12,0.39,0.00,0.00,12.08,75.09
TSph7,5/13/20,2020,May,81.67,0.00,0.00,1143.91,0.49,0.00,0.00,15.18,75.37
TSph7,5/16/20,2020,May,77.86,0.00,0.00,1090.54,0.55,0.00,0.00,17.04,64.02
TSph7,5/19/20,2020,May,0.01,0.00,0.00,0.14,0.33,0.00,0.00,10.22,0.01
TSph7,5/22/20,2020,May,65.95,0.00,0.00,923.79,0.39,0.00,0.00,12.08,76.47
TSph7,5/25/20,2020,May,68.57,0.00,0.00,960.47,0.52,0.00,0.00,16.11,59.63
TSph7,5/26/20,2020,May,74.52,0.00,0.00,1043.86,0.46,0.00,0.00,14.25,73.26
TSph7,5/29/20,2020,May,64.76,0.00,0.00,907.12,0.45,0.00,0.00,13.94,65.08
TSph7,6/1/20,2020,June,67.86,0.00,0.00,950.47,0.42,0.00,0.00,13.01,73.06
TSph7,6/4/20,2020,June,69.29,0.00,0.00,970.49,0.29,0.00,0.00,8.98,108.04
TSph7,6/7/20,2020,June,61.43,0.00,0.00,860.44,0.50,0.00,0.00,15.49,55.56
TSph3,6/10/20,2020,June,86.43,0.00,0.00,1210.61,0.31,0.00,0.00,9.60,126.08
TSph7,6/10/20,2020,June,69.52,0.00,0.00,973.82,0.33,0.00,0.00,10.22,95.27
TSph7,6/13/20,2020,June,73.57,0.00,0.00,1030.51,0.35,0.00,0.00,10.84,95.06
TSph3,6/16/20,2020,June,77.14,0.00,0.00,1080.54,0.34,0.00,0.00,10.53,102.60
TSph7,6/16/20,2020,June,68.57,0.00,0.00,960.47,0.28,0.00,0.00,8.67,110.75
TSph7,6/19/20,2020,June,73.10,0.00,0.00,1023.84,0.43,0.00,0.00,13.32,76.87
TSph3,6/22/20,2020,June,74.29,0.00,0.00,1040.52,0.01,0.00,0.00,0.31,3359.35
TSph7,6/22/20,2020,June,80.24,0.00,0.00,1123.89,0.50,0.00,0.00,15.49,72.57
TSph7,6/24/20,2020,June,83.33,0.00,0.00,1167.25,0.57,0.00,0.00,17.66,66.11
TSph3,6/27/20,2020,June,85.00,0.00,0.00,1190.60,0.40,0.00,0.00,12.39,96.10
TSph7,6/28/20,2020,June,65.00,0.00,0.00,910.46,0.47,0.00,0.00,14.56,62.54
TSph7,7/1/20,2020,July,66.91,0.00,0.00,937.14,0.53,0.00,0.00,16.42,57.09
TSph3,7/3/20,2020,July,88.10,0.00,0.00,1233.95,0.38,0.00,0.00,11.77,104.84
TSph7,7/4/20,2020,July,70.95,0.00,0.00,993.82,0.62,0.00,0.00,19.20,51.75
TSph7,7/7/20,2020,July,68.33,0.00,0.00,957.14,0.55,0.00,0.00,17.04,56.18
TSph3,7/9/20,2020,July,94.29,0.00,0.00,1320.66,0.52,0.00,0.00,16.11,82.00
TSph7,7/10/20,2020,July,70.48,0.00,0.00,987.16,0.53,0.00,0.00,16.42,60.13
TSph7,7/13/20,2020,July,68.57,0.00,0.00,960.47,0.54,0.00,0.00,16.73,57.42
TSph3,7/15/20,2020,July,94.52,0.00,0.00,1324.00,0.48,0.00,0.00,14.87,89.05
TSph7,7/16/20,2020,July,75.48,0.00,0.00,1057.19,0.60,0.00,0.00,18.58,56.89
TSph7,7/19/20,2020,July,78.57,0.00,0.00,1100.54,0.63,0.00,0.00,19.51,56.40
TSph3,7/21/20,2020,July,56.43,0.00,0.00,790.40,0.42,0.00,0.00,13.01,60.76
TSph7,7/22/20,2020,July,78.81,0.00,0.00,1103.89,0.61,0.00,0.00,18.89,58.43
TSph7,7/23/20,2020,July,95.00,0.00,0.00,1330.67,0.64,0.00,0.00,19.82,67.13
TSph7,7/26/20,2020,July,69.76,0.00,0.00,977.16,0.79,0.00,0.00,24.47,39.93
TSph3,7/27/20,2020,July,71.43,0.00,0.00,1000.51,0.51,0.00,0.00,15.80,63.34
TSph7,7/29/20,2020,July,71.67,0.00,0.00,1003.84,0.69,0.00,0.00,21.37,46.97
TSph3,7/31/20,2020,July,61.07,0.00,0.00,855.42,0.51,0.00,0.00,15.80,54.15
TSph7,8/1/20,2020,August,72.38,0.00,0.00,1013.84,0.74,0.00,0.00,22.92,44.23
TSph7,8/4/20,2020,August,69.29,0.00,0.00,970.49,0.70,0.00,0.00,21.68,44.76
TSph3,8/6/20,2020,August,72.38,0.00,0.00,1013.84,0.88,0.00,0.00,27.26,37.20
TSph7,8/7/20,2020,August,72.38,0.00,0.00,1013.84,0.81,0.00,0.00,25.09,40.41
TSph7,8/10/20,2020,August,76.19,0.00,0.00,1067.19,0.68,0.00,0.00,21.06,50.67
TSph3,8/12/20,2020,August,71.67,0.00,0.00,1003.84,0.79,0.00,0.00,24.47,41.02
TSph7,8/13/20,2020,August,79.05,0.00,0.00,1107.23,0.69,0.00,0.00,21.37,51.81
TSph7,8/16/20,2020,August,75.95,0.00,0.00,1063.86,0.62,0.00,0.00,19.20,55.40
TSph3,8/18/20,2020,August,82.38,0.00,0.00,1153.91,0.62,0.00,0.00,19.20,60.09
TSph7,8/19/20,2020,August,72.62,0.00,0.00,1017.17,0.46,0.00,0.00,14.25,71.39
TSph3,8/22/20,2020,August,75.00,0.00,0.00,1050.53,0.51,0.00,0.00,15.80,66.50
TSph7,8/22/20,2020,August,70.24,0.00,0.00,983.82,0.41,0.00,0.00,12.70,77.47
TSph7,8/25/20,2020,August,68.33,0.00,0.00,957.14,0.44,0.00,0.00,13.63,70.23
TSph7,8/27/20,2020,August,75.71,0.00,0.00,1060.53,0.75,0.00,0.00,23.23,45.65
TSph3,8/28/20,2020,August,78.81,0.00,0.00,1103.89,0.58,0.00,0.00,17.96,61.45
TSph7,8/30/20,2020,August,67.62,0.00,0.00,947.14,0.41,0.00,0.00,12.70,74.58
TSph7,9/2/20,2020,September,67.86,0.00,0.00,950.47,0.35,0.00,0.00,10.84,87.67
TSph3,9/3/20,2020,September,76.67,0.00,0.00,1073.87,0.62,0.00,0.00,19.20,55.92
TSph7,9/5/20,2020,September,72.86,0.00,0.00,1020.51,0.49,0.00,0.00,15.18,67.24
TSph7,9/8/20,2020,September,68.10,0.00,0.00,953.81,0.52,0.00,0.00,16.11,59.22
TSph3,9/9/20,2020,September,77.86,0.00,0.00,1090.54,0.68,0.00,0.00,21.06,51.78
TSph7,9/11/20,2020,September,65.00,0.00,0.00,910.46,0.22,0.00,0.00,6.81,133.61
TSph7,9/14/20,2020,September,56.19,0.00,0.00,787.05,0.25,0.00,0.00,7.74,101.64
TSph3,9/15/20,2020,September,62.86,0.00,0.00,880.44,0.64,0.00,0.00,19.82,44.41
TSph7,9/17/20,2020,September,112.62,0.00,0.00,1577.45,0.51,0.00,0.00,15.80,99.86
TSph3,9/20/20,2020,September,39.21,0.00,0.00,549.24,0.82,0.00,0.00,25.40,21.62
TSph7,9/20/20,2020,September,64.05,0.00,0.00,897.12,0.56,0.00,0.00,17.35,51.72
TSph7,9/23/20,2020,September,59.29,0.00,0.00,830.42,0.49,0.00,0.00,15.18,54.71
TSph7,9/24/20,2020,September,68.10,0.00,0.00,953.81,0.40,0.00,0.00,12.39,76.98
TSph3,9/26/20,2020,September,37.46,0.00,0.00,524.70,0.86,0.00,0.00,26.64,19.70
TSph7,9/27/20,2020,September,46.69,0.00,0.00,653.96,0.20,0.00,0.00,6.19,105.57
TSph7,9/30/20,2020,September,45.21,0.00,0.00,633.27,0.21,0.00,0.00,6.50,97.36
TSph3,10/2/20,2020,October,34.87,0.00,0.00,488.37,0.55,0.00,0.00,17.04,28.67
TSph7,10/3/20,2020,October,41.46,0.00,0.00,580.69,0.22,0.00,0.00,6.81,85.22
TSph7,10/6/20,2020,October,37.25,0.00,0.00,521.73,0.22,0.00,0.00,6.81,76.56
TSph3,10/8/20,2020,October,35.45,0.00,0.00,496.49,0.52,0.00,0.00,16.11,30.83
TSph7,10/9/20,2020,October,33.45,0.00,0.00,468.56,0.23,0.00,0.00,7.12,65.77
TSph7,10/12/20,2020,October,36.71,0.00,0.00,514.17,0.22,0.00,0.00,6.81,75.45
TSph3,10/14/20,2020,October,36.32,0.00,0.00,508.78,0.20,0.00,0.00,6.19,82.13
TSph7,10/15/20,2020,October,35.73,0.00,0.00,500.53,0.24,0.00,0.00,7.43,67.33
TSph7,10/18/20,2020,October,52.62,0.00,0.00,737.03,0.27,0.00,0.00,8.36,88.13
TSph3,10/20/20,2020,October,38.27,0.00,0.00,536.08,0.25,0.00,0.00,7.74,69.23
TSph7,10/21/20,2020,October,48.57,0.00,0.00,680.33,0.26,0.00,0.00,8.05,84.48
TSph7,10/24/20,2020,October,37.62,0.00,0.00,526.93,0.28,0.00,0.00,8.67,60.76
TSph3,10/25/20,2020,October,19.61,0.00,0.00,274.71,0.29,0.00,0.00,8.98,30.58
TSph7,10/27/20,2020,October,36.19,0.00,0.00,506.91,0.31,0.00,0.00,9.60,52.79
TSph7,10/29/20,2020,October,40.48,0.00,0.00,566.95,0.62,0.00,0.00,19.20,29.52
TSph3,11/1/20,2020,November,54.05,0.00,0.00,757.05,0.37,0.00,0.00,11.46,66.06
TSph7,11/1/20,2020,November,30.73,0.00,0.00,430.39,1.01,0.00,0.00,31.28,13.76
TSph7,11/4/20,2020,November,28.78,0.00,0.00,403.16,0.90,0.00,0.00,27.88,14.46
TSph3,11/7/20,2020,November,58.10,0.00,0.00,813.74,0.24,0.00,0.00,7.43,109.47
TSph7,11/7/20,2020,November,32.93,0.00,0.00,461.28,0.91,0.00,0.00,28.19,16.37
TSph7,11/10/20,2020,November,30.58,0.00,0.00,428.32,0.60,0.00,0.00,18.58,23.05
TSph3,11/13/20,2020,November,41.43,0.00,0.00,580.30,0.25,0.00,0.00,7.74,74.94
TSph7,11/13/20,2020,November,26.12,0.00,0.00,365.81,0.71,0.00,0.00,21.99,16.63
TSph7,11/16/20,2020,November,23.38,0.00,0.00,327.41,0.46,0.00,0.00,14.25,22.98
TSph3,11/17/20,2020,November,40.24,0.00,0.00,563.61,0.28,0.00,0.00,8.67,64.99
TSph7,11/19/20,2020,November,23.52,0.00,0.00,329.50,0.57,0.00,0.00,17.66,18.66
TSph7,11/22/20,2020,November,23.33,0.00,0.00,326.83,0.53,0.00,0.00,16.42,19.91
TSph3,11/23/20,2020,November,29.43,0.00,0.00,412.20,0.42,0.00,0.00,13.01,31.69
TSph7,11/23/20,2020,November,26.22,0.00,0.00,367.19,0.77,0.00,0.00,23.85,15.40
TSph3,11/29/20,2020,November,31.27,0.00,0.00,438.00,0.47,0.00,0.00,14.56,30.09
TSph3,12/5/20,2020,December,33.24,0.00,0.00,465.63,0.50,0.00,0.00,15.49,30.07
TSph3,12/9/20,2020,December,31.83,0.00,0.00,445.90,0.57,0.00,0.00,17.66,25.26
TSph3,12/15/20,2020,December,41.67,0.00,0.00,583.63,0.46,0.00,0.00,14.25,40.96
TSph7,12/20/20,2020,December,42.14,0.00,0.00,590.30,0.63,0.00,0.00,19.51,30.25
TSph3,12/21/20,2020,December,60.95,0.00,0.00,853.75,0.52,0.00,0.00,16.11,53.01
TSph7,12/23/20,2020,December,43.81,0.00,0.00,613.65,0.35,0.00,0.00,10.84,56.60
TSph7,12/26/20,2020,December,44.76,0.00,0.00,626.98,0.35,0.00,0.00,10.84,57.83
TSph3,12/27/20,2020,December,83.10,0.00,0.00,1163.91,0.50,0.00,0.00,15.49,75.15
TSph7,12/29/20,2020,December,42.62,0.00,0.00,596.96,0.35,0.00,0.00,10.84,55.07